{
    "name": "root",
    "metadata": {
        "timer_format_version": "0.1.0",
        "start_time_seconds": "1777276742",
        "python_version": "3.9.25 (main, Nov  3 2025, 22:44:01) [MSC v.1929 64 bit (AMD64)]",
        "command_line_arguments": "C:\\Users\\Vikto\\anaconda3\\envs\\VREXPERIENCE\\Scripts\\mlagents-learn trainer_config.yaml --run-id=SwordFight_v3",
        "mlagents_version": "0.30.0",
        "mlagents_envs_version": "0.30.0",
        "communication_protocol_version": "1.5.0",
        "pytorch_version": "1.7.1+cu110",
        "numpy_version": "1.21.2",
        "end_time_seconds": "1777276827"
    },
    "total": 85.1726276,
    "count": 1,
    "self": 0.021934899999990876,
    "children": {
        "run_training.setup": {
            "total": 0.12429020000000013,
            "count": 1,
            "self": 0.12429020000000013
        },
        "TrainerController.start_learning": {
            "total": 85.0264025,
            "count": 1,
            "self": 0.02297529999999881,
            "children": {
                "TrainerController._reset_env": {
                    "total": 11.479032799999999,
                    "count": 1,
                    "self": 11.479032799999999
                },
                "TrainerController.advance": {
                    "total": 73.10010390000001,
                    "count": 611,
                    "self": 0.022623300000034874,
                    "children": {
                        "env_step": {
                            "total": 72.88541910000001,
                            "count": 611,
                            "self": 70.31749239999999,
                            "children": {
                                "SubprocessEnvManager._take_step": {
                                    "total": 2.5542956000000157,
                                    "count": 611,
                                    "self": 0.06876850000002577,
                                    "children": {
                                        "TorchPolicy.evaluate": {
                                            "total": 2.48552709999999,
                                            "count": 611,
                                            "self": 2.48552709999999
                                        }
                                    }
                                },
                                "workers": {
                                    "total": 0.01363109999999601,
                                    "count": 610,
                                    "self": 0.0,
                                    "children": {
                                        "worker_root": {
                                            "total": 11.422915199999997,
                                            "count": 610,
                                            "is_parallel": true,
                                            "self": 3.9939082000000177,
                                            "children": {
                                                "steps_from_proto": {
                                                    "total": 0.0004436999999999358,
                                                    "count": 1,
                                                    "is_parallel": true,
                                                    "self": 0.0002630000000003463,
                                                    "children": {
                                                        "_process_rank_one_or_two_observation": {
                                                            "total": 0.00018069999999958952,
                                                            "count": 2,
                                                            "is_parallel": true,
                                                            "self": 0.00018069999999958952
                                                        }
                                                    }
                                                },
                                                "UnityEnvironment.step": {
                                                    "total": 7.428563299999979,
                                                    "count": 610,
                                                    "is_parallel": true,
                                                    "self": 0.0887688000000395,
                                                    "children": {
                                                        "UnityEnvironment._generate_step_input": {
                                                            "total": 0.0934767999999746,
                                                            "count": 610,
                                                            "is_parallel": true,
                                                            "self": 0.0934767999999746
                                                        },
                                                        "communicator.exchange": {
                                                            "total": 6.955592000000005,
                                                            "count": 610,
                                                            "is_parallel": true,
                                                            "self": 6.955592000000005
                                                        },
                                                        "steps_from_proto": {
                                                            "total": 0.29072569999996034,
                                                            "count": 610,
                                                            "is_parallel": true,
                                                            "self": 0.1774655999999979,
                                                            "children": {
                                                                "_process_rank_one_or_two_observation": {
                                                                    "total": 0.11326009999996245,
                                                                    "count": 1220,
                                                                    "is_parallel": true,
                                                                    "self": 0.11326009999996245
                                                                }
                                                            }
                                                        }
                                                    }
                                                }
                                            }
                                        }
                                    }
                                }
                            }
                        },
                        "trainer_advance": {
                            "total": 0.1920614999999728,
                            "count": 610,
                            "self": 0.056688199999985756,
                            "children": {
                                "process_trajectory": {
                                    "total": 0.13537329999998704,
                                    "count": 610,
                                    "self": 0.13537329999998704
                                }
                            }
                        }
                    }
                },
                "TrainerController._save_models": {
                    "total": 0.4242904999999979,
                    "count": 1,
                    "self": 0.051762599999989334,
                    "children": {
                        "RLTrainer._checkpoint": {
                            "total": 0.37252790000000857,
                            "count": 1,