{
    "name": "root",
    "metadata": {
        "timer_format_version": "0.1.0",
        "start_time_seconds": "1777278827",
        "python_version": "3.9.25 (main, Nov  3 2025, 22:44:01) [MSC v.1929 64 bit (AMD64)]",
        "command_line_arguments": "C:\\Users\\Vikto\\anaconda3\\envs\\VREXPERIENCE\\Scripts\\mlagents-learn trainer_config.yaml --run-id=SwordFight_v11",
        "mlagents_version": "0.30.0",
        "mlagents_envs_version": "0.30.0",
        "communication_protocol_version": "1.5.0",
        "pytorch_version": "1.7.1+cu110",
        "numpy_version": "1.21.2",
        "end_time_seconds": "1777278951"
    },
    "total": 124.6632044,
    "count": 1,
    "self": 0.01229229999998438,
    "children": {
        "run_training.setup": {
            "total": 0.13355780000000017,
            "count": 1,
            "self": 0.13355780000000017
        },
        "TrainerController.start_learning": {
            "total": 124.51735430000001,
            "count": 1,
            "self": 0.10589240000020084,
            "children": {
                "TrainerController._reset_env": {
                    "total": 10.040528700000001,
                    "count": 1,
                    "self": 10.040528700000001
                },
                "TrainerController.advance": {
                    "total": 113.97683359999982,
                    "count": 2647,
                    "self": 0.10557429999991541,
                    "children": {
                        "env_step": {
                            "total": 113.2508013999998,
                            "count": 2647,
                            "self": 93.36734849999966,
                            "children": {
                                "SubprocessEnvManager._take_step": {
                                    "total": 19.816480600000062,
                                    "count": 2647,
                                    "self": 0.6219086999998424,
                                    "children": {
                                        "TorchPolicy.evaluate": {
                                            "total": 19.19457190000022,
                                            "count": 5288,
                                            "self": 19.19457190000022
                                        }
                                    }
                                },
                                "workers": {
                                    "total": 0.0669723000000726,
                                    "count": 2646,
                                    "self": 0.0,
                                    "children": {
                                        "worker_root": {
                                            "total": 52.32334999999995,
                                            "count": 2646,
                                            "is_parallel": true,
                                            "self": 26.443835999999898,
                                            "children": {
                                                "steps_from_proto": {
                                                    "total": 0.0011749000000005339,
                                                    "count": 2,
                                                    "is_parallel": true,
                                                    "self": 0.0007120999999994382,
                                                    "children": {
                                                        "_process_rank_one_or_two_observation": {
                                                            "total": 0.00046280000000109567,
                                                            "count": 4,
                                                            "is_parallel": true,
                                                            "self": 0.00046280000000109567
                                                        }
                                                    }
                                                },
                                                "UnityEnvironment.step": {
                                                    "total": 25.878339100000048,
                                                    "count": 2646,
                                                    "is_parallel": true,
                                                    "self": 0.48525539999969425,
                                                    "children": {
                                                        "UnityEnvironment._generate_step_input": {
                                                            "total": 0.4465465000001547,
                                                            "count": 2646,
                                                            "is_parallel": true,
                                                            "self": 0.4465465000001547
                                                        },
                                                        "communicator.exchange": {
                                                            "total": 22.913997099999918,
                                                            "count": 2646,
                                                            "is_parallel": true,
                                                            "self": 22.913997099999918
                                                        },
                                                        "steps_from_proto": {
                                                            "total": 2.032540100000281,
                                                            "count": 5292,
                                                            "is_parallel": true,
                                                            "self": 1.3325668000004498,
                                                            "children": {
                                                                "_process_rank_one_or_two_observation": {
                                                                    "total": 0.6999732999998312,
                                                                    "count": 10584,
                                                                    "is_parallel": true,
                                                                    "self": 0.6999732999998312
                                                                }
                                                            }
                                                        }
                                                    }
                                                }
                                            }
                                        }
                                    }
                                }
                            }
                        },
                        "trainer_advance": {
                            "total": 0.6204579000001011,
                            "count": 2646,
                            "self": 0.2734821000001144,
                            "children": {
                                "process_trajectory": {
                                    "total": 0.34697579999998673,
                                    "count": 2646,
                                    "self": 0.34697579999998673
                                }
                            }
                        }
                    }
                },
                "TrainerController._save_models": {
                    "total": 0.3940995999999899,
                    "count": 1,
                    "self": 0.043369499999997174,
                    "children": {
                        "RLTrainer._checkpoint": {
                            "total": 0.3507300999999927,
                            "count": 1,