{
    "name": "root",
    "gauges": {
        "VRCombat.Policy.Entropy.mean": {
            "value": 4.440871238708496,
            "min": 4.440871238708496,
            "max": 4.491007328033447,
            "count": 7
        },
        "VRCombat.Policy.Entropy.sum": {
            "value": 185024.453125,
            "min": 173173.515625,
            "max": 186985.9375,
            "count": 7
        },
        "VRCombat.Step.mean": {
            "value": 139977.0,
            "min": 19957.0,
            "max": 139977.0,
            "count": 7
        },
        "VRCombat.Step.sum": {
            "value": 139977.0,
            "min": 19957.0,
            "max": 139977.0,
            "count": 7
        },
        "VRCombat.Policy.ExtrinsicValueEstimate.mean": {
            "value": 0.020557662472128868,
            "min": -0.16303730010986328,
            "max": 0.020557662472128868,
            "count": 7
        },
        "VRCombat.Policy.ExtrinsicValueEstimate.sum": {
            "value": 6.640125274658203,
            "min": -52.49801254272461,
            "max": 6.640125274658203,
            "count": 7
        },
        "VRCombat.Environment.EpisodeLength.mean": {
            "value": 799.0,
            "min": 799.0,
            "max": 800.0,
            "count": 7
        },
        "VRCombat.Environment.EpisodeLength.sum": {
            "value": 31960.0,
            "min": 31960.0,
            "max": 63960.0,
            "count": 7
        },
        "VRCombat.Self-play.ELO.mean": {
            "value": 1222.5036714944922,
            "min": 1198.0649903487104,
            "max": 1222.5036714944922,
            "count": 7
        },
        "VRCombat.Self-play.ELO.sum": {
            "value": 24450.073429889842,
            "min": 24450.073429889842,
            "max": 48488.53863671444,
            "count": 7
        },
        "VRCombat.Environment.CumulativeReward.mean": {
            "value": 2.502049717400223,
            "min": -0.41178589819797445,
            "max": 2.502049717400223,
            "count": 7
        },
        "VRCombat.Environment.CumulativeReward.sum": {
            "value": 50.04099434800446,
            "min": -8.647503862157464,
            "max": 94.73448996525258,
            "count": 7
        },
        "VRCombat.Policy.ExtrinsicReward.mean": {
            "value": 2.502049717400223,
            "min": -0.41178589819797445,
            "max": 2.502049717400223,
            "count": 7
        },
        "VRCombat.Policy.ExtrinsicReward.sum": {
            "value": 50.04099434800446,
            "min": -8.647503862157464,
            "max": 94.73448996525258,
            "count": 7
        },
        "VRCombat.IsTraining.mean": {
            "value": 1.0,
            "min": 1.0,
            "max": 1.0,
            "count": 7
        },
        "VRCombat.IsTraining.sum": {
            "value": 1.0,
            "min": 1.0,
            "max": 1.0,
            "count": 7
        },
        "VRCombat.Losses.PolicyLoss.mean": {
            "value": 0.016150730778463185,
            "min": 0.013681617705151439,
            "max": 0.020756466213303307,
            "count": 6
        },
        "VRCombat.Losses.PolicyLoss.sum": {
            "value": 0.016150730778463185,
            "min": 0.013681617705151439,
            "max": 0.020756466213303307,
            "count": 6
        },
        "VRCombat.Losses.ValueLoss.mean": {
            "value": 0.006075994825611512,
            "min": 0.004832409756879012,
            "max": 0.030021552182734012,
            "count": 6
        },
        "VRCombat.Losses.ValueLoss.sum": {
            "value": 0.006075994825611512,
            "min": 0.004832409756879012,
            "max": 0.030021552182734012,
            "count": 6
        },
        "VRCombat.Policy.LearningRate.mean": {
            "value": 0.00029622885125705,
            "min": 0.00029622885125705,
            "max": 0.00029937441020853005,
            "count": 6
        },
        "VRCombat.Policy.LearningRate.sum": {
            "value": 0.00029622885125705,
            "min": 0.00029622885125705,
            "max": 0.00029937441020853005,
            "count": 6
        },
        "VRCombat.Policy.Epsilon.mean": {
            "value": 0.19874294999999995,
            "min": 0.19874294999999995,
            "max": 0.19979147000000003,
            "count": 6
        },
        "VRCombat.Policy.Epsilon.sum": {
            "value": 0.19874294999999995,
            "min": 0.19874294999999995,
            "max": 0.19979147000000003,
            "count": 6
        },
        "VRCombat.Policy.Beta.mean": {
            "value": 0.004937273205000001,
            "min": 0.004937273205000001,
            "max": 0.004989594353000002,
            "count": 6
        },
        "VRCombat.Policy.Beta.sum": {
            "value": 0.004937273205000001,
            "min": 0.004937273205000001,
            "max": 0.004989594353000002,
            "count": 6
        }
    },
    "metadata": {
        "timer_format_version": "0.1.0",
        "start_time_seconds": "1777279592",
        "python_version": "3.9.25 (main, Nov  3 2025, 22:44:01) [MSC v.1929 64 bit (AMD64)]",
        "command_line_arguments": "C:\\Users\\Vikto\\anaconda3\\envs\\VREXPERIENCE\\Scripts\\mlagents-learn trainer_config.yaml --run-id=SwordFight_v13",
        "mlagents_version": "0.30.0",
        "mlagents_envs_version": "0.30.0",
        "communication_protocol_version": "1.5.0",
        "pytorch_version": "1.7.1+cu110",
        "numpy_version": "1.21.2",
        "end_time_seconds": "1777279863"
    },
    "total": 271.5536883,
    "count": 1,
    "self": 0.007348999999976513,
    "children": {
        "run_training.setup": {
            "total": 0.08083299999999993,
            "count": 1,
            "self": 0.08083299999999993
        },
        "TrainerController.start_learning": {
            "total": 271.4655063,
            "count": 1,
            "self": 0.18141479999997046,
            "children": {
                "TrainerController._reset_env": {
                    "total": 5.2892682,
                    "count": 1,
                    "self": 5.2892682
                },
                "TrainerController.advance": {
                    "total": 265.87369650000005,
                    "count": 6988,
                    "self": 0.19116309999725445,
                    "children": {
                        "env_step": {
                            "total": 214.5177672000019,
                            "count": 6988,
                            "self": 175.14650840000206,
                            "children": {
                                "SubprocessEnvManager._take_step": {
                                    "total": 39.261208099999436,
                                    "count": 6988,
                                    "self": 1.0937054999991034,
                                    "children": {
                                        "TorchPolicy.evaluate": {
                                            "total": 38.16750260000033,
                                            "count": 13962,
                                            "self": 38.16750260000033
                                        }
                                    }
                                },
                                "workers": {
                                    "total": 0.11005070000040007,
                                    "count": 6987,
                                    "self": 0.0,
                                    "children": {
                                        "worker_root": {
                                            "total": 204.521116600001,
                                            "count": 6987,
                                            "is_parallel": true,
                                            "self": 111.57345790000052,